2020-07-28-16_29_03,Lat,34.982574,Lon,-106.049805
2020-07-28-16_29_04,Lat,34.982616,Lon,-106.049728
2020-07-28-16_29_05,Lat,34.982670,Lon,-106.049652
2020-07-28-16_29_06,Lat,34.982742,Lon,-106.049568
2020-07-28-16_29_07,Lat,34.982800,Lon,-106.049484
2020-07-28-16_29_08,Lat,34.982853,Lon,-106.049416
2020-07-28-16_29_16,Lat,34.983044,Lon,-106.049171
2020-07-28-16_29_17,Lat,34.983078,Lon,-106.049042
2020-07-28-16_29_18,Lat,34.983128,Lon,-106.048912
2020-07-28-16_29_19,Lat,34.983196,Lon,-106.048798
2020-07-28-16_29_20,Lat,34.983234,Lon,-106.048645
2020-07-28-16_29_21,Lat,34.983269,Lon,-106.048454
2020-07-28-16_29_22,Lat,34.983303,Lon,-106.048309
2020-07-28-16_29_23,Lat,34.983334,Lon,-106.048195
2020-07-28-16_29_24,Lat,34.983360,Lon,-106.048073
2020-07-28-16_29_25,Lat,34.983372,Lon,-106.047905
2020-07-28-16_29_26,Lat,34.983368,Lon,-106.047760
2020-07-28-16_29_27,Lat,34.983372,Lon,-106.047638
2020-07-28-16_29_28,Lat,34.983387,Lon,-106.047539
2020-07-28-16_29_29,Lat,34.983410,Lon,-106.047462
2020-07-28-16_29_30,Lat,34.983425,Lon,-106.047409
2020-07-28-16_29_31,Lat,34.983433,Lon,-106.047356
2020-07-28-16_29_32,Lat,34.983444,Lon,-106.047310
2020-07-28-16_29_33,Lat,34.983440,Lon,-106.047249
2020-07-28-16_29_34,Lat,34.983418,Lon,-106.047157
2020-07-28-16_29_35,Lat,34.983395,Lon,-106.047043
2020-07-28-16_29_36,Lat,34.983360,Lon,-106.046928
2020-07-28-16_29_42,Lat,34.983082,Lon,-106.046410
2020-07-28-16_29_43,Lat,34.983086,Lon,-106.046188
2020-07-28-16_29_44,Lat,34.983082,Lon,-106.046082
2020-07-28-16_29_45,Lat,34.983124,Lon,-106.045959
2020-07-28-16_29_46,Lat,34.983135,Lon,-106.045815
2020-07-28-16_29_47,Lat,34.983162,Lon,-106.045631
2020-07-28-16_29_48,Lat,34.983212,Lon,-106.045456
2020-07-28-16_29_49,Lat,34.983261,Lon,-106.045296
2020-07-28-16_29_50,Lat,34.983311,Lon,-106.045151
2020-07-28-16_30_02,Lat,34.983204,Lon,-106.044205
2020-07-28-16_30_03,Lat,34.983303,Lon,-106.043968
2020-07-28-16_30_04,Lat,34.983311,Lon,-106.043816
2020-07-28-16_30_05,Lat,34.983288,Lon,-106.043716
2020-07-28-16_30_06,Lat,34.983299,Lon,-106.043602
2020-07-28-16_30_07,Lat,34.983326,Lon,-106.043457
2020-07-28-16_30_08,Lat,34.983437,Lon,-106.043327
2020-07-28-16_30_09,Lat,34.983463,Lon,-106.043190
2020-07-28-16_30_10,Lat,34.983490,Lon,-106.043091
2020-07-28-16_30_20,Lat,34.983299,Lon,-106.042099
2020-07-28-16_30_21,Lat,34.983200,Lon,-106.042191
2020-07-28-16_30_22,Lat,34.983166,Lon,-106.042160
2020-07-28-16_30_23,Lat,34.983143,Lon,-106.042076
2020-07-28-16_30_24,Lat,34.983185,Lon,-106.041992
2020-07-28-16_30_25,Lat,34.983303,Lon,-106.041878
2020-07-28-16_30_26,Lat,34.983318,Lon,-106.041718
2020-07-28-16_30_27,Lat,34.983364,Lon,-106.041634
2020-07-28-16_30_32,Lat,34.983471,Lon,-106.041458
2020-07-28-16_30_33,Lat,34.983486,Lon,-106.041313
2020-07-28-16_30_34,Lat,34.983505,Lon,-106.041168
2020-07-28-16_30_35,Lat,34.983536,Lon,-106.041054
2020-07-28-16_30_36,Lat,34.983570,Lon,-106.040909
2020-07-28-16_30_37,Lat,34.983612,Lon,-106.040779
2020-07-28-16_30_38,Lat,34.983635,Lon,-106.040634
2020-07-28-16_30_39,Lat,34.983665,Lon,-106.040504
2020-07-28-16_30_40,Lat,34.983700,Lon,-106.040375
2020-07-28-16_30_41,Lat,34.983730,Lon,-106.040253
2020-07-28-16_30_42,Lat,34.983749,Lon,-106.040108
2020-07-28-16_30_43,Lat,34.983768,Lon,-106.039963
2020-07-28-17_49_48,Lat,34.994545,Lon,-105.868187
2020-07-28-17_49_49,Lat,34.994503,Lon,-105.868027
2020-07-28-17_49_50,Lat,34.994484,Lon,-105.867874
2020-07-28-17_49_51,Lat,34.994480,Lon,-105.867706
2020-07-28-17_49_52,Lat,34.994495,Lon,-105.867538
2020-07-28-17_49_53,Lat,34.994499,Lon,-105.867371
2020-07-28-17_49_54,Lat,34.994518,Lon,-105.867210
2020-07-28-17_49_55,Lat,34.994526,Lon,-105.867065
2020-07-28-17_49_56,Lat,34.994541,Lon,-105.866898
2020-07-28-17_49_57,Lat,34.994537,Lon,-105.866753
2020-07-28-17_49_58,Lat,34.994541,Lon,-105.866585
2020-07-28-17_49_59,Lat,34.994530,Lon,-105.866455
2020-07-28-17_50_00,Lat,34.994522,Lon,-105.866302
2020-07-28-17_50_01,Lat,34.994518,Lon,-105.866180
2020-07-28-17_50_02,Lat,34.994526,Lon,-105.866035
2020-07-28-17_50_03,Lat,34.994537,Lon,-105.865913
2020-07-28-17_50_04,Lat,34.994534,Lon,-105.865776
2020-07-28-17_50_05,Lat,34.994572,Lon,-105.865669
2020-07-28-17_50_06,Lat,34.994579,Lon,-105.865524
2020-07-28-17_50_07,Lat,34.994591,Lon,-105.865395
2020-07-28-17_50_08,Lat,34.994583,Lon,-105.865242
2020-07-28-17_50_09,Lat,34.994595,Lon,-105.865097
2020-07-28-17_50_10,Lat,34.994606,Lon,-105.864937
2020-07-28-17_50_11,Lat,34.994648,Lon,-105.864777
2020-07-28-17_50_12,Lat,34.994640,Lon,-105.864647
2020-07-28-17_50_13,Lat,34.994637,Lon,-105.864502
2020-07-28-17_50_14,Lat,34.994644,Lon,-105.864357
2020-07-28-17_50_15,Lat,34.994694,Lon,-105.864174
2020-07-28-17_50_16,Lat,34.994717,Lon,-105.864021
2020-07-28-17_50_17,Lat,34.994743,Lon,-105.863861
2020-07-28-17_50_18,Lat,34.994781,Lon,-105.863708
2020-07-28-17_50_19,Lat,34.994816,Lon,-105.863548
2020-07-28-17_50_20,Lat,34.994850,Lon,-105.863411
2020-07-28-17_50_21,Lat,34.994881,Lon,-105.863243
2020-07-28-17_50_22,Lat,34.994919,Lon,-105.863106
2020-07-28-17_50_23,Lat,34.994957,Lon,-105.862946
2020-07-28-17_50_25,Lat,34.994999,Lon,-105.862816
2020-07-28-17_50_26,Lat,34.995045,Lon,-105.862679
2020-07-28-17_50_27,Lat,34.995083,Lon,-105.862556
2020-07-28-17_50_28,Lat,34.995094,Lon,-105.862419
2020-07-28-17_50_30,Lat,34.995132,Lon,-105.862312
2020-07-28-17_50_31,Lat,34.995159,Lon,-105.862183
2020-07-28-17_50_32,Lat,34.995197,Lon,-105.862053
2020-07-28-17_50_34,Lat,34.995232,Lon,-105.861946
2020-07-28-17_50_35,Lat,34.995258,Lon,-105.861832
2020-07-28-17_50_36,Lat,34.995304,Lon,-105.861694
2020-07-28-17_50_37,Lat,34.995323,Lon,-105.861572
2020-07-28-17_50_39,Lat,34.995354,Lon,-105.861443
2020-07-28-17_50_40,Lat,34.995392,Lon,-105.861305
2020-07-28-17_50_41,Lat,34.995415,Lon,-105.861191
2020-07-28-17_50_42,Lat,34.995453,Lon,-105.861053
2020-07-28-17_50_44,Lat,34.995491,Lon,-105.860909
2020-07-28-17_50_45,Lat,34.995514,Lon,-105.860809
2020-07-28-17_50_46,Lat,34.995533,Lon,-105.860695
2020-07-28-17_50_47,Lat,34.995552,Lon,-105.860558
2020-07-28-17_50_49,Lat,34.995583,Lon,-105.860466
2020-07-28-17_50_50,Lat,34.995586,Lon,-105.860344
2020-07-28-17_50_51,Lat,34.995605,Lon,-105.860222
2020-07-28-17_50_53,Lat,34.995613,Lon,-105.860107
2020-07-28-17_50_54,Lat,34.995621,Lon,-105.859985
2020-07-28-17_50_55,Lat,34.995617,Lon,-105.859856
2020-07-28-17_50_56,Lat,34.995625,Lon,-105.859741
2020-07-28-17_50_58,Lat,34.995613,Lon,-105.859604
2020-07-28-17_50_59,Lat,34.995625,Lon,-105.859474
2020-07-28-17_51_00,Lat,34.995640,Lon,-105.859367
2020-07-28-17_51_01,Lat,34.995632,Lon,-105.859253
2020-07-28-17_51_03,Lat,34.995647,Lon,-105.859123
2020-07-28-17_51_04,Lat,34.995663,Lon,-105.859024
2020-07-28-17_51_05,Lat,34.995667,Lon,-105.858910
2020-07-28-17_51_07,Lat,34.995689,Lon,-105.858795
2020-07-28-17_51_08,Lat,34.995701,Lon,-105.858696
2020-07-28-17_51_09,Lat,34.995705,Lon,-105.858589
2020-07-28-17_51_10,Lat,34.995701,Lon,-105.858475
2020-07-28-17_51_12,Lat,34.995697,Lon,-105.858353
2020-07-28-17_51_13,Lat,34.995716,Lon,-105.858246
2020-07-28-17_51_14,Lat,34.995728,Lon,-105.858162
2020-07-28-17_51_15,Lat,34.995716,Lon,-105.858055
2020-07-28-17_51_17,Lat,34.995720,Lon,-105.857948
2020-07-28-17_51_18,Lat,34.995724,Lon,-105.857872
2020-07-28-17_51_19,Lat,34.995712,Lon,-105.857742
2020-07-28-17_51_21,Lat,34.995724,Lon,-105.857620
2020-07-28-17_51_22,Lat,34.995720,Lon,-105.857513
2020-07-28-17_51_23,Lat,34.995712,Lon,-105.857407
2020-07-28-17_51_24,Lat,34.995735,Lon,-105.857307
2020-07-28-17_51_26,Lat,34.995724,Lon,-105.857208
2020-07-28-17_51_27,Lat,34.995750,Lon,-105.857132
2020-07-28-17_51_28,Lat,34.995731,Lon,-105.857040
2020-07-28-17_51_29,Lat,34.995750,Lon,-105.856926
2020-07-28-17_51_31,Lat,34.995766,Lon,-105.856834
2020-07-28-17_51_32,Lat,34.995754,Lon,-105.856712
2020-07-28-17_51_33,Lat,34.995770,Lon,-105.856621
2020-07-28-17_51_35,Lat,34.995762,Lon,-105.856529
2020-07-28-17_51_36,Lat,34.995781,Lon,-105.856400
2020-07-28-17_51_37,Lat,34.995781,Lon,-105.856308
2020-07-28-17_51_38,Lat,34.995777,Lon,-105.856194
2020-07-28-17_51_40,Lat,34.995773,Lon,-105.856102
2020-07-28-17_51_41,Lat,34.995762,Lon,-105.855972
2020-07-28-17_51_42,Lat,34.995777,Lon,-105.855873
2020-07-28-17_51_43,Lat,34.995766,Lon,-105.855743
2020-07-28-17_51_45,Lat,34.995758,Lon,-105.855637
2020-07-28-17_51_46,Lat,34.995739,Lon,-105.855522
2020-07-28-17_51_47,Lat,34.995735,Lon,-105.855408
2020-07-28-17_51_48,Lat,34.995708,Lon,-105.855309
2020-07-28-17_51_50,Lat,34.995701,Lon,-105.855171
2020-07-28-17_51_51,Lat,34.995678,Lon,-105.855080
2020-07-28-17_51_52,Lat,34.995674,Lon,-105.854950
2020-07-28-17_51_54,Lat,34.995663,Lon,-105.854851
2020-07-28-17_51_55,Lat,34.995647,Lon,-105.854736
2020-07-28-17_51_56,Lat,34.995632,Lon,-105.854668
2020-07-28-17_51_57,Lat,34.995609,Lon,-105.854546
2020-07-28-17_51_59,Lat,34.995605,Lon,-105.854431
2020-07-28-17_52_00,Lat,34.995594,Lon,-105.854324
2020-07-28-17_52_01,Lat,34.995579,Lon,-105.854187
2020-07-28-17_52_02,Lat,34.995579,Lon,-105.854057
2020-07-28-17_52_04,Lat,34.995567,Lon,-105.853966
2020-07-28-17_52_05,Lat,34.995564,Lon,-105.853836
2020-07-28-17_52_06,Lat,34.995586,Lon,-105.853722
2020-07-28-17_52_08,Lat,34.995583,Lon,-105.853661
2020-07-28-17_52_09,Lat,34.995567,Lon,-105.853569
2020-07-28-17_52_10,Lat,34.995567,Lon,-105.853470
2020-07-28-17_52_11,Lat,34.995579,Lon,-105.853371
2020-07-28-17_52_13,Lat,34.995579,Lon,-105.853279
2020-07-28-17_52_14,Lat,34.995571,Lon,-105.853149
2020-07-28-17_52_15,Lat,34.995590,Lon,-105.853043
2020-07-28-17_52_16,Lat,34.995590,Lon,-105.852951
2020-07-28-17_52_18,Lat,34.995583,Lon,-105.852852
2020-07-28-17_52_19,Lat,34.995594,Lon,-105.852722
2020-07-28-17_52_20,Lat,34.995609,Lon,-105.852623
2020-07-28-17_52_22,Lat,34.995617,Lon,-105.852524
2020-07-28-17_52_23,Lat,34.995602,Lon,-105.852455
2020-07-28-17_52_24,Lat,34.995609,Lon,-105.852333
2020-07-28-17_52_25,Lat,34.995647,Lon,-105.852234
2020-07-28-17_52_27,Lat,34.995655,Lon,-105.852165
2020-07-28-17_52_28,Lat,34.995674,Lon,-105.852036
2020-07-28-17_52_29,Lat,34.995686,Lon,-105.851944
2020-07-28-17_52_30,Lat,34.995693,Lon,-105.851852
2020-07-28-17_52_32,Lat,34.995697,Lon,-105.851730
2020-07-28-17_52_33,Lat,34.995728,Lon,-105.851624
2020-07-28-17_52_34,Lat,34.995735,Lon,-105.851555
2020-07-28-17_52_36,Lat,34.995739,Lon,-105.851433
2020-07-28-17_52_37,Lat,34.995747,Lon,-105.851364
2020-07-28-17_52_38,Lat,34.995747,Lon,-105.851265
2020-07-28-17_52_39,Lat,34.995762,Lon,-105.851181
2020-07-28-17_52_41,Lat,34.995762,Lon,-105.851089
2020-07-28-17_52_42,Lat,34.995781,Lon,-105.850983
2020-07-28-17_52_43,Lat,34.995773,Lon,-105.850883
2020-07-28-17_52_44,Lat,34.995792,Lon,-105.850769
2020-07-28-17_52_46,Lat,34.995792,Lon,-105.850693
2020-07-28-17_52_47,Lat,34.995789,Lon,-105.850563
2020-07-28-17_52_48,Lat,34.995815,Lon,-105.850471
2020-07-28-17_52_50,Lat,34.995811,Lon,-105.850388
2020-07-28-17_52_51,Lat,34.995834,Lon,-105.850281
2020-07-28-17_52_52,Lat,34.995831,Lon,-105.850212
2020-07-28-17_52_53,Lat,34.995831,Lon,-105.850105
2020-07-28-17_52_55,Lat,34.995842,Lon,-105.850021
2020-07-28-17_52_56,Lat,34.995857,Lon,-105.849937
2020-07-28-17_52_57,Lat,34.995907,Lon,-105.849663
2020-07-28-17_52_58,Lat,34.995869,Lon,-105.849640
2020-07-28-17_53_00,Lat,34.995861,Lon,-105.849571
2020-07-28-17_53_01,Lat,34.995846,Lon,-105.849487
2020-07-28-17_53_02,Lat,34.995850,Lon,-105.849380
2020-07-28-17_53_03,Lat,34.995892,Lon,-105.849297
2020-07-28-17_53_05,Lat,34.995880,Lon,-105.849197
2020-07-28-17_53_06,Lat,34.995899,Lon,-105.849129
2020-07-28-17_53_07,Lat,34.995892,Lon,-105.849052
2020-07-28-17_53_09,Lat,34.995907,Lon,-105.848923
2020-07-28-17_53_10,Lat,34.995911,Lon,-105.848846
2020-07-28-17_53_11,Lat,34.995911,Lon,-105.848717
2020-07-28-17_53_12,Lat,34.995930,Lon,-105.848618
2020-07-28-17_53_14,Lat,34.995934,Lon,-105.848511
2020-07-28-17_53_15,Lat,34.995930,Lon,-105.848427
2020-07-28-17_53_16,Lat,34.995930,Lon,-105.848320
2020-07-28-17_53_17,Lat,34.995953,Lon,-105.848213
2020-07-28-17_53_19,Lat,34.995953,Lon,-105.848106
2020-07-28-17_53_20,Lat,34.995998,Lon,-105.847992
2020-07-28-17_53_21,Lat,34.996021,Lon,-105.847923
2020-07-28-17_53_23,Lat,34.996044,Lon,-105.847847
2020-07-28-17_53_24,Lat,34.996056,Lon,-105.847778
2020-07-28-17_53_25,Lat,34.996067,Lon,-105.847679
2020-07-28-17_53_26,Lat,34.996098,Lon,-105.847603
2020-07-28-17_53_28,Lat,34.996120,Lon,-105.847481
2020-07-28-17_53_29,Lat,34.996159,Lon,-105.847389
2020-07-28-17_53_30,Lat,34.996170,Lon,-105.847290
2020-07-28-17_53_31,Lat,34.996204,Lon,-105.847221
2020-07-28-17_53_33,Lat,34.996223,Lon,-105.847137
2020-07-28-17_53_34,Lat,34.996250,Lon,-105.847038
2020-07-28-17_53_35,Lat,34.996269,Lon,-105.846954
2020-07-28-17_53_37,Lat,34.996304,Lon,-105.846855
2020-07-28-17_53_38,Lat,34.996330,Lon,-105.846779
2020-07-28-17_53_39,Lat,34.996361,Lon,-105.846672
2020-07-28-17_53_40,Lat,34.996399,Lon,-105.846619
2020-07-28-17_53_42,Lat,34.996418,Lon,-105.846542
2020-07-28-17_53_43,Lat,34.996460,Lon,-105.846458
2020-07-28-17_53_44,Lat,34.996483,Lon,-105.846390
2020-07-28-17_53_45,Lat,34.996510,Lon,-105.846306
2020-07-28-17_53_47,Lat,34.996532,Lon,-105.846260
2020-07-28-17_53_48,Lat,34.996567,Lon,-105.846176
2020-07-28-17_53_49,Lat,34.996620,Lon,-105.846130
2020-07-28-17_53_51,Lat,34.996658,Lon,-105.846054
2020-07-28-17_53_52,Lat,34.996696,Lon,-105.845985
2020-07-28-17_53_53,Lat,34.996708,Lon,-105.845917
2020-07-28-17_53_54,Lat,34.996758,Lon,-105.845825
2020-07-28-17_53_56,Lat,34.996788,Lon,-105.845757
2020-07-28-17_53_57,Lat,34.996822,Lon,-105.845680
2020-07-28-17_53_58,Lat,34.996868,Lon,-105.845619
2020-07-28-17_53_59,Lat,34.996891,Lon,-105.845551
2020-07-28-17_54_01,Lat,34.996933,Lon,-105.845459
2020-07-28-17_54_02,Lat,34.996948,Lon,-105.845413
2020-07-28-17_54_03,Lat,34.996983,Lon,-105.845329
2020-07-28-17_54_04,Lat,34.997002,Lon,-105.845268
2020-07-28-17_54_06,Lat,34.997021,Lon,-105.845177
2020-07-28-17_54_07,Lat,34.997047,Lon,-105.845116
2020-07-28-17_54_08,Lat,34.997059,Lon,-105.845032
2020-07-28-17_54_10,Lat,34.997097,Lon,-105.844963
2020-07-28-17_54_11,Lat,34.997101,Lon,-105.844864
2020-07-28-17_54_12,Lat,34.997120,Lon,-105.844780
2020-07-28-17_54_13,Lat,34.997143,Lon,-105.844688
2020-07-28-17_54_15,Lat,34.997173,Lon,-105.844597
2020-07-28-17_54_16,Lat,34.997166,Lon,-105.844528
2020-07-28-17_54_17,Lat,34.997181,Lon,-105.844429
2020-07-28-17_54_18,Lat,34.997196,Lon,-105.844376
2020-07-28-17_54_20,Lat,34.997192,Lon,-105.844292
2020-07-28-17_54_21,Lat,34.997204,Lon,-105.844215
2020-07-28-17_54_22,Lat,34.997208,Lon,-105.844124
2020-07-28-17_54_24,Lat,34.997234,Lon,-105.844040
2020-07-28-17_54_25,Lat,34.997257,Lon,-105.843964
2020-07-28-17_54_26,Lat,34.997250,Lon,-105.843880
2020-07-28-17_54_27,Lat,34.997265,Lon,-105.843788
2020-07-28-17_54_29,Lat,34.997261,Lon,-105.843704
2020-07-28-17_54_30,Lat,34.997272,Lon,-105.843613
2020-07-28-17_54_31,Lat,34.997265,Lon,-105.843521
2020-07-28-17_54_32,Lat,34.997276,Lon,-105.843430
2020-07-28-17_54_34,Lat,34.997272,Lon,-105.843346
2020-07-28-17_54_35,Lat,34.997269,Lon,-105.843262
2020-07-28-17_54_36,Lat,34.997257,Lon,-105.843170
2020-07-28-17_54_38,Lat,34.997234,Lon,-105.843056
2020-07-28-17_54_39,Lat,34.997231,Lon,-105.842941
2020-07-28-17_54_40,Lat,34.997246,Lon,-105.842850
2020-07-28-17_54_41,Lat,34.997234,Lon,-105.842758
2020-07-28-17_54_43,Lat,34.997223,Lon,-105.842644
2020-07-28-17_54_44,Lat,34.997238,Lon,-105.842545
2020-07-28-17_54_45,Lat,34.997242,Lon,-105.842468
2020-07-28-17_54_46,Lat,34.997227,Lon,-105.842354
2020-07-28-17_54_48,Lat,34.997219,Lon,-105.842247
2020-07-28-17_54_49,Lat,34.997219,Lon,-105.842148
2020-07-28-17_54_50,Lat,34.997181,Lon,-105.842056
2020-07-28-17_54_52,Lat,34.997166,Lon,-105.841957
2020-07-28-17_54_53,Lat,34.997166,Lon,-105.841866
2020-07-28-17_54_54,Lat,34.997139,Lon,-105.841774
2020-07-28-17_54_55,Lat,34.997131,Lon,-105.841660
2020-07-28-17_54_57,Lat,34.997116,Lon,-105.841599
2020-07-28-17_54_58,Lat,34.997097,Lon,-105.841484
2020-07-28-17_54_59,Lat,34.997093,Lon,-105.841393
2020-07-28-17_55_00,Lat,34.997059,Lon,-105.841331
2020-07-28-17_55_02,Lat,34.997059,Lon,-105.841225
2020-07-28-17_55_03,Lat,34.997047,Lon,-105.841148
2020-07-28-17_55_04,Lat,34.997028,Lon,-105.841057
2020-07-28-17_55_06,Lat,34.997013,Lon,-105.840988
2020-07-28-17_55_07,Lat,34.996994,Lon,-105.840912
2020-07-28-17_55_08,Lat,34.997002,Lon,-105.840836
2020-07-28-17_55_09,Lat,34.996971,Lon,-105.840759
2020-07-28-17_55_11,Lat,34.996971,Lon,-105.840660
2020-07-28-17_55_12,Lat,34.996956,Lon,-105.840576
2020-07-28-17_55_13,Lat,34.996944,Lon,-105.840462
2020-07-28-17_55_14,Lat,34.996929,Lon,-105.840401
2020-07-28-17_55_16,Lat,34.996914,Lon,-105.840309
2020-07-28-17_55_17,Lat,34.996914,Lon,-105.840240
2020-07-28-17_55_18,Lat,34.996902,Lon,-105.840164
2020-07-28-17_55_19,Lat,34.996914,Lon,-105.840080
2020-07-28-17_55_21,Lat,34.996910,Lon,-105.840004
2020-07-28-17_55_22,Lat,34.996902,Lon,-105.839912
2020-07-28-17_55_23,Lat,34.996910,Lon,-105.839836
2020-07-28-17_55_25,Lat,34.996895,Lon,-105.839745
2020-07-28-17_55_26,Lat,34.996895,Lon,-105.839661
2020-07-28-17_55_27,Lat,34.996880,Lon,-105.839584
2020-07-28-17_55_28,Lat,34.996887,Lon,-105.839478
2020-07-28-17_55_30,Lat,34.996876,Lon,-105.839417
2020-07-28-17_55_31,Lat,34.996861,Lon,-105.839317
2020-07-28-17_55_32,Lat,34.996857,Lon,-105.839241
2020-07-28-17_55_33,Lat,34.996845,Lon,-105.839149
2020-07-28-17_55_35,Lat,34.996838,Lon,-105.839058
2020-07-28-17_55_36,Lat,34.996822,Lon,-105.838966
2020-07-28-17_55_37,Lat,34.996819,Lon,-105.838882
2020-07-28-17_55_39,Lat,34.996815,Lon,-105.838814
2020-07-28-17_55_40,Lat,34.996815,Lon,-105.838730
2020-07-28-17_55_41,Lat,34.996830,Lon,-105.838661
2020-07-28-17_55_42,Lat,34.996807,Lon,-105.838577
2020-07-28-17_55_44,Lat,34.996799,Lon,-105.838478
2020-07-28-17_55_45,Lat,34.996784,Lon,-105.838379
2020-07-28-17_55_46,Lat,34.996758,Lon,-105.838272
2020-07-28-17_55_47,Lat,34.996746,Lon,-105.838188
2020-07-28-17_55_49,Lat,34.996727,Lon,-105.838097
2020-07-28-17_55_50,Lat,34.996735,Lon,-105.838013
2020-07-28-17_55_51,Lat,34.996735,Lon,-105.837906
2020-07-28-17_55_53,Lat,34.996731,Lon,-105.837799
2020-07-28-17_55_54,Lat,34.996723,Lon,-105.837738
2020-07-28-17_55_55,Lat,34.996716,Lon,-105.837639
2020-07-28-17_55_56,Lat,34.996712,Lon,-105.837555
2020-07-28-17_55_58,Lat,34.996700,Lon,-105.837448
2020-07-28-17_55_59,Lat,34.996708,Lon,-105.837341
2020-07-28-17_56_00,Lat,34.996704,Lon,-105.837257
2020-07-28-17_56_01,Lat,34.996681,Lon,-105.837143
2020-07-28-17_56_03,Lat,34.996670,Lon,-105.837044
2020-07-28-17_56_04,Lat,34.996658,Lon,-105.836922
2020-07-28-17_56_05,Lat,34.996674,Lon,-105.836830
2020-07-28-17_56_07,Lat,34.996655,Lon,-105.836723
2020-07-28-17_56_08,Lat,34.996651,Lon,-105.836601
2020-07-28-17_56_09,Lat,34.996643,Lon,-105.836510
2020-07-28-17_56_10,Lat,34.996616,Lon,-105.836388
2020-07-28-17_56_12,Lat,34.996624,Lon,-105.836304
2020-07-28-17_56_13,Lat,34.996597,Lon,-105.836197
2020-07-28-17_56_14,Lat,34.996597,Lon,-105.836090
2020-07-28-17_56_15,Lat,34.996586,Lon,-105.835976
2020-07-28-17_56_17,Lat,34.996571,Lon,-105.835861
2020-07-28-17_56_18,Lat,34.996559,Lon,-105.835762
2020-07-28-17_56_19,Lat,34.996536,Lon,-105.835655
2020-07-28-17_56_20,Lat,34.996536,Lon,-105.835533
2020-07-28-17_56_22,Lat,34.996506,Lon,-105.835449
2020-07-28-17_56_23,Lat,34.996490,Lon,-105.835335
2020-07-28-17_56_24,Lat,34.996494,Lon,-105.835236
2020-07-28-17_56_26,Lat,34.996437,Lon,-105.835144
2020-07-28-17_56_27,Lat,34.996422,Lon,-105.835037
2020-07-28-17_56_28,Lat,34.996391,Lon,-105.834938
2020-07-28-17_56_29,Lat,34.996365,Lon,-105.834824
2020-07-28-17_56_31,Lat,34.996338,Lon,-105.834732
2020-07-28-17_56_32,Lat,34.996311,Lon,-105.834618
2020-07-28-17_56_33,Lat,34.996284,Lon,-105.834503
2020-07-28-17_56_34,Lat,34.996250,Lon,-105.834389
2020-07-28-17_56_36,Lat,34.996246,Lon,-105.834290
2020-07-28-17_56_37,Lat,34.996231,Lon,-105.834213
2020-07-28-17_56_38,Lat,34.996159,Lon,-105.834137
2020-07-28-17_56_40,Lat,34.996151,Lon,-105.834015
2020-07-28-17_56_41,Lat,34.996117,Lon,-105.833931
2020-07-28-17_56_42,Lat,34.996094,Lon,-105.833809
2020-07-28-17_56_43,Lat,34.996078,Lon,-105.833702
2020-07-28-17_56_45,Lat,34.996059,Lon,-105.833603
2020-07-28-17_56_46,Lat,34.996033,Lon,-105.833488
2020-07-28-17_56_47,Lat,34.996017,Lon,-105.833366
2020-07-28-17_56_48,Lat,34.995995,Lon,-105.833282
2020-07-28-17_56_50,Lat,34.995953,Lon,-105.833160
2020-07-28-17_56_51,Lat,34.995960,Lon,-105.833046
2020-07-28-17_56_52,Lat,34.995953,Lon,-105.832932
2020-07-28-17_56_54,Lat,34.995926,Lon,-105.832817
2020-07-28-17_56_55,Lat,34.995945,Lon,-105.832710
2020-07-28-17_56_56,Lat,34.995926,Lon,-105.832603
2020-07-28-17_56_57,Lat,34.995907,Lon,-105.832481
2020-07-28-17_56_59,Lat,34.995892,Lon,-105.832375
2020-07-28-17_57_00,Lat,34.995869,Lon,-105.832291
2020-07-28-17_57_01,Lat,34.995853,Lon,-105.832176
2020-07-28-17_57_02,Lat,34.995853,Lon,-105.832077
2020-07-28-17_57_04,Lat,34.995838,Lon,-105.831985
2020-07-28-17_57_05,Lat,34.995815,Lon,-105.831863
2020-07-28-17_57_06,Lat,34.995819,Lon,-105.831757
2020-07-28-17_57_08,Lat,34.995804,Lon,-105.831673
2020-07-28-17_57_09,Lat,34.995800,Lon,-105.831566
2020-07-28-17_57_10,Lat,34.995811,Lon,-105.831474
2020-07-28-17_57_11,Lat,34.995808,Lon,-105.831390
2020-07-28-17_57_13,Lat,34.995785,Lon,-105.831268
2020-07-28-17_57_14,Lat,34.995789,Lon,-105.831161
2020-07-28-17_57_15,Lat,34.995781,Lon,-105.831085
2020-07-28-17_57_16,Lat,34.995781,Lon,-105.830994
2020-07-28-17_57_18,Lat,34.995811,Lon,-105.830879
2020-07-28-17_57_19,Lat,34.995811,Lon,-105.830788
2020-07-28-17_57_20,Lat,34.995819,Lon,-105.830673
2020-07-28-17_57_22,Lat,34.995808,Lon,-105.830582
2020-07-28-17_57_23,Lat,34.995804,Lon,-105.830437
2020-07-28-17_57_24,Lat,34.995834,Lon,-105.830338
2020-07-28-17_57_25,Lat,34.995815,Lon,-105.830276
2020-07-28-17_57_27,Lat,34.995819,Lon,-105.830154
2020-07-28-17_57_28,Lat,34.995861,Lon,-105.830055
2020-07-28-17_57_29,Lat,34.995853,Lon,-105.829994
2020-07-28-17_57_30,Lat,34.995865,Lon,-105.829895
2020-07-28-17_57_32,Lat,34.995903,Lon,-105.829811
2020-07-28-17_57_33,Lat,34.995922,Lon,-105.829735
2020-07-28-17_57_34,Lat,34.995926,Lon,-105.829651
2020-07-28-17_57_35,Lat,34.995968,Lon,-105.829575
2020-07-28-17_57_37,Lat,34.995979,Lon,-105.829514
2020-07-28-17_57_38,Lat,34.996006,Lon,-105.829422
2020-07-28-17_57_39,Lat,34.996033,Lon,-105.829361
2020-07-28-17_57_41,Lat,34.996052,Lon,-105.829292
2020-07-28-17_57_42,Lat,34.996078,Lon,-105.829201
2020-07-28-17_57_43,Lat,34.996124,Lon,-105.829178
2020-07-28-17_57_44,Lat,34.996120,Lon,-105.829109
2020-07-28-17_57_46,Lat,34.996140,Lon,-105.829033
2020-07-28-17_57_47,Lat,34.996178,Lon,-105.829010
2020-07-28-17_57_48,Lat,34.996178,Lon,-105.828941
2020-07-28-17_57_49,Lat,34.996204,Lon,-105.828880
2020-07-28-17_57_51,Lat,34.996216,Lon,-105.828842
2020-07-28-17_57_52,Lat,34.996227,Lon,-105.828781
2020-07-28-17_57_53,Lat,34.996250,Lon,-105.828751
2020-07-28-17_57_55,Lat,34.996239,Lon,-105.828712
2020-07-28-17_57_56,Lat,34.996258,Lon,-105.828636
2020-07-28-17_57_57,Lat,34.996296,Lon,-105.828575
2020-07-28-17_57_58,Lat,34.996292,Lon,-105.828560
2020-07-28-17_58_00,Lat,34.996311,Lon,-105.828506
2020-07-28-17_58_01,Lat,34.996361,Lon,-105.828461
2020-07-28-17_58_02,Lat,34.996368,Lon,-105.828415
2020-07-28-17_58_03,Lat,34.996387,Lon,-105.828323
2020-07-28-17_58_05,Lat,34.996426,Lon,-105.828293
2020-07-28-17_58_06,Lat,34.996445,Lon,-105.828255
2020-07-28-17_58_07,Lat,34.996468,Lon,-105.828194
2020-07-28-17_58_09,Lat,34.996498,Lon,-105.828148
2020-07-28-17_58_10,Lat,34.996498,Lon,-105.828110
2020-07-28-17_58_11,Lat,34.996525,Lon,-105.828064
2020-07-28-17_58_12,Lat,34.996548,Lon,-105.828018
2020-07-28-17_58_14,Lat,34.996548,Lon,-105.827972
2020-07-28-17_58_15,Lat,34.996567,Lon,-105.827896
2020-07-28-17_58_16,Lat,34.996597,Lon,-105.827827
2020-07-28-17_58_17,Lat,34.996609,Lon,-105.827782
2020-07-28-17_58_19,Lat,34.996620,Lon,-105.827705
2020-07-28-17_58_20,Lat,34.996655,Lon,-105.827660
2020-07-28-17_58_21,Lat,34.996662,Lon,-105.827606
2020-07-28-17_58_23,Lat,34.996696,Lon,-105.827515
2020-07-28-17_58_24,Lat,34.996704,Lon,-105.827484
2020-07-28-17_58_25,Lat,34.996704,Lon,-105.827393
2020-07-28-17_58_26,Lat,34.996719,Lon,-105.827324
2020-07-28-17_58_28,Lat,34.996738,Lon,-105.827248
2020-07-28-17_58_29,Lat,34.996765,Lon,-105.827171
2020-07-28-17_58_30,Lat,34.996780,Lon,-105.827133
2020-07-28-17_58_31,Lat,34.996799,Lon,-105.827049
2020-07-28-17_58_33,Lat,34.996857,Lon,-105.827003
2020-07-28-17_58_34,Lat,34.996861,Lon,-105.826950
2020-07-28-17_58_35,Lat,34.996899,Lon,-105.826881
2020-07-28-17_58_36,Lat,34.996914,Lon,-105.826820
2020-07-28-17_58_38,Lat,34.996944,Lon,-105.826752
2020-07-28-17_58_39,Lat,34.996948,Lon,-105.826714
2020-07-28-17_58_40,Lat,34.996956,Lon,-105.826637
2020-07-28-17_58_42,Lat,34.996971,Lon,-105.826599
2020-07-28-17_58_43,Lat,34.996967,Lon,-105.826538
2020-07-28-17_58_44,Lat,34.996994,Lon,-105.826477
2020-07-28-17_58_45,Lat,34.996994,Lon,-105.826408
2020-07-28-17_58_47,Lat,34.997013,Lon,-105.826302
2020-07-28-17_58_48,Lat,34.997025,Lon,-105.826241
2020-07-28-17_58_49,Lat,34.997032,Lon,-105.826172
2020-07-28-17_58_50,Lat,34.997036,Lon,-105.826096
2020-07-28-17_58_52,Lat,34.997036,Lon,-105.826019
2020-07-28-17_58_53,Lat,34.997044,Lon,-105.825966
2020-07-28-17_58_54,Lat,34.997055,Lon,-105.825882
2020-07-28-17_58_56,Lat,34.997086,Lon,-105.825821
2020-07-28-17_58_57,Lat,34.997082,Lon,-105.825783
2020-07-28-17_58_58,Lat,34.997074,Lon,-105.825684
2020-07-28-17_58_59,Lat,34.997089,Lon,-105.825584
2020-07-28-17_59_01,Lat,34.997101,Lon,-105.825508
2020-07-28-17_59_02,Lat,34.997108,Lon,-105.825447
2020-07-28-17_59_03,Lat,34.997116,Lon,-105.825363
2020-07-28-17_59_04,Lat,34.997143,Lon,-105.825317
2020-07-28-17_59_06,Lat,34.997139,Lon,-105.825241
2020-07-28-17_59_07,Lat,34.997143,Lon,-105.825157
2020-07-28-17_59_08,Lat,34.997162,Lon,-105.825089
2020-07-28-17_59_10,Lat,34.997173,Lon,-105.825043
2020-07-28-17_59_11,Lat,34.997173,Lon,-105.824966
2020-07-28-17_59_12,Lat,34.997192,Lon,-105.824913
2020-07-28-17_59_13,Lat,34.997192,Lon,-105.824867
2020-07-28-17_59_15,Lat,34.997181,Lon,-105.824821
2020-07-28-17_59_16,Lat,34.997192,Lon,-105.824760
2020-07-28-17_59_17,Lat,34.997192,Lon,-105.824722
2020-07-28-17_59_18,Lat,34.997196,Lon,-105.824669
2020-07-28-17_59_20,Lat,34.997211,Lon,-105.824646
2020-07-28-17_59_21,Lat,34.997208,Lon,-105.824600
2020-07-28-17_59_22,Lat,34.997223,Lon,-105.824554
2020-07-28-17_59_24,Lat,34.997219,Lon,-105.824532
2020-07-28-17_59_25,Lat,34.997234,Lon,-105.824509
2020-07-28-17_59_26,Lat,34.997242,Lon,-105.824486
2020-07-28-17_59_27,Lat,34.997246,Lon,-105.824463
2020-07-28-17_59_29,Lat,34.997253,Lon,-105.824425
2020-07-28-17_59_30,Lat,34.997272,Lon,-105.824387
2020-07-28-17_59_31,Lat,34.997280,Lon,-105.824371
2020-07-28-17_59_32,Lat,34.997288,Lon,-105.824333
2020-07-28-17_59_34,Lat,34.997307,Lon,-105.824303
2020-07-28-17_59_35,Lat,34.997307,Lon,-105.824280
2020-07-28-17_59_36,Lat,34.997330,Lon,-105.824249
2020-07-28-17_59_37,Lat,34.997334,Lon,-105.824234
2020-07-28-17_59_39,Lat,34.997341,Lon,-105.824203
2020-07-28-17_59_40,Lat,34.997337,Lon,-105.824188
2020-07-28-17_59_41,Lat,34.997345,Lon,-105.824165
2020-07-28-17_59_43,Lat,34.997360,Lon,-105.824158
2020-07-28-17_59_44,Lat,34.997375,Lon,-105.824135
2020-07-28-17_59_45,Lat,34.997375,Lon,-105.824120
2020-07-28-17_59_46,Lat,34.997383,Lon,-105.824097
2020-07-28-17_59_48,Lat,34.997414,Lon,-105.824104
2020-07-28-17_59_49,Lat,34.997398,Lon,-105.824089
2020-07-28-17_59_50,Lat,34.997406,Lon,-105.824051
2020-07-28-17_59_51,Lat,34.997425,Lon,-105.824051
2020-07-28-17_59_53,Lat,34.997429,Lon,-105.824043
2020-07-28-17_59_54,Lat,34.997444,Lon,-105.824043
2020-07-28-17_59_55,Lat,34.997448,Lon,-105.824051
2020-07-28-17_59_57,Lat,34.997467,Lon,-105.824036
2020-07-28-17_59_58,Lat,34.997467,Lon,-105.824043
2020-07-28-17_59_59,Lat,34.997475,Lon,-105.824036
2020-07-28-18_00_00,Lat,34.997498,Lon,-105.824043
2020-07-28-18_00_02,Lat,34.997513,Lon,-105.824043
2020-07-28-18_00_03,Lat,34.997524,Lon,-105.824051
2020-07-28-18_00_04,Lat,34.997536,Lon,-105.824051
2020-07-28-18_00_05,Lat,34.997562,Lon,-105.824059
2020-07-28-18_00_07,Lat,34.997570,Lon,-105.824081
2020-07-28-18_00_08,Lat,34.997578,Lon,-105.824066
2020-07-28-18_00_09,Lat,34.997597,Lon,-105.824051
2020-07-28-18_00_11,Lat,34.997623,Lon,-105.824066
2020-07-28-18_00_12,Lat,34.997623,Lon,-105.824074
2020-07-28-18_00_13,Lat,34.997643,Lon,-105.824051
2020-07-28-18_00_14,Lat,34.997662,Lon,-105.824043
2020-07-28-18_00_16,Lat,34.997669,Lon,-105.824051
2020-07-28-18_00_17,Lat,34.997673,Lon,-105.824028
2020-07-28-18_00_18,Lat,34.997696,Lon,-105.824013
2020-07-28-18_00_19,Lat,34.997700,Lon,-105.824013
2020-07-28-18_00_21,Lat,34.997715,Lon,-105.824005
2020-07-28-18_00_22,Lat,34.997723,Lon,-105.824020
2020-07-28-18_00_23,Lat,34.997734,Lon,-105.824013
2020-07-28-18_00_25,Lat,34.997746,Lon,-105.824013
2020-07-28-18_00_26,Lat,34.997746,Lon,-105.823997
2020-07-28-18_00_27,Lat,34.997761,Lon,-105.823982
2020-07-28-18_00_28,Lat,34.997780,Lon,-105.823975
2020-07-28-18_00_30,Lat,34.997784,Lon,-105.823990
2020-07-28-18_00_31,Lat,34.997791,Lon,-105.823982
2020-07-28-18_00_32,Lat,34.997791,Lon,-105.823975
2020-07-28-18_00_33,Lat,34.997803,Lon,-105.823982
2020-07-28-18_00_35,Lat,34.997803,Lon,-105.823982
2020-07-28-18_00_36,Lat,34.997810,Lon,-105.823975
2020-07-28-18_00_37,Lat,34.997822,Lon,-105.823982
2020-07-28-18_00_39,Lat,34.997803,Lon,-105.823982
2020-07-28-18_00_40,Lat,34.997826,Lon,-105.823952
2020-07-28-18_00_41,Lat,34.997826,Lon,-105.823975
2020-07-28-18_00_42,Lat,34.997807,Lon,-105.823952
2020-07-28-18_00_44,Lat,34.997810,Lon,-105.823944
2020-07-28-18_00_45,Lat,34.997799,Lon,-105.823936
2020-07-28-18_00_46,Lat,34.997795,Lon,-105.823921
2020-07-28-18_00_47,Lat,34.997803,Lon,-105.823936
2020-07-28-18_00_49,Lat,34.997795,Lon,-105.823921
2020-07-28-18_00_50,Lat,34.997787,Lon,-105.823921
2020-07-28-18_00_51,Lat,34.997765,Lon,-105.823921
2020-07-28-18_00_52,Lat,34.997742,Lon,-105.823914
2020-07-28-18_00_54,Lat,34.997753,Lon,-105.823891
2020-07-28-18_00_55,Lat,34.997749,Lon,-105.823914
2020-07-28-18_00_56,Lat,34.997726,Lon,-105.823914
2020-07-28-18_00_58,Lat,34.997723,Lon,-105.823906
2020-07-28-18_00_59,Lat,34.997719,Lon,-105.823929
2020-07-28-18_01_00,Lat,34.997711,Lon,-105.823929
2020-07-28-18_01_01,Lat,34.997700,Lon,-105.823944
2020-07-28-18_01_03,Lat,34.997673,Lon,-105.823944
2020-07-28-18_01_04,Lat,34.997673,Lon,-105.823944
2020-07-28-18_01_05,Lat,34.997665,Lon,-105.823967
2020-07-28-18_01_06,Lat,34.997631,Lon,-105.823959
2020-07-28-18_01_08,Lat,34.997623,Lon,-105.823967
2020-07-28-18_01_09,Lat,34.997601,Lon,-105.823959
2020-07-28-18_01_10,Lat,34.997597,Lon,-105.823967
2020-07-28-18_01_12,Lat,34.997578,Lon,-105.823982
2020-07-28-18_01_13,Lat,34.997574,Lon,-105.823982
2020-07-28-18_01_14,Lat,34.997551,Lon,-105.824005
2020-07-28-18_01_15,Lat,34.997547,Lon,-105.824005
2020-07-28-18_01_17,Lat,34.997543,Lon,-105.824020
2020-07-28-18_01_18,Lat,34.997517,Lon,-105.824036
2020-07-28-18_01_19,Lat,34.997513,Lon,-105.824036
2020-07-28-18_01_20,Lat,34.997517,Lon,-105.824074
2020-07-28-18_01_22,Lat,34.997498,Lon,-105.824097
2020-07-28-18_01_23,Lat,34.997501,Lon,-105.824112
2020-07-28-18_01_24,Lat,34.997471,Lon,-105.824135
2020-07-28-18_01_26,Lat,34.997456,Lon,-105.824135
2020-07-28-18_01_27,Lat,34.997444,Lon,-105.824173
2020-07-28-18_01_28,Lat,34.997429,Lon,-105.824165
2020-07-28-18_01_29,Lat,34.997421,Lon,-105.824196
2020-07-28-18_01_31,Lat,34.997379,Lon,-105.824211
2020-07-28-18_01_32,Lat,34.997368,Lon,-105.824226
2020-07-28-18_01_33,Lat,34.997353,Lon,-105.824249
2020-07-28-18_01_34,Lat,34.997330,Lon,-105.824257
2020-07-28-18_01_36,Lat,34.997314,Lon,-105.824280
2020-07-28-18_01_37,Lat,34.997269,Lon,-105.824318
2020-07-28-18_01_38,Lat,34.997223,Lon,-105.824318
2020-07-28-18_01_40,Lat,34.997189,Lon,-105.824364
2020-07-28-18_01_41,Lat,34.997139,Lon,-105.824371
2020-07-28-18_01_42,Lat,34.997097,Lon,-105.824387
2020-07-28-18_01_43,Lat,34.997036,Lon,-105.824402
2020-07-28-18_01_45,Lat,34.997013,Lon,-105.824409
2020-07-28-18_01_46,Lat,34.996967,Lon,-105.824425
2020-07-28-18_01_47,Lat,34.996925,Lon,-105.824417
2020-07-28-18_01_48,Lat,34.996891,Lon,-105.824440
2020-07-28-18_01_50,Lat,34.996834,Lon,-105.824448
2020-07-28-18_01_51,Lat,34.996788,Lon,-105.824448
2020-07-28-18_01_52,Lat,34.996754,Lon,-105.824486
2020-07-28-18_01_53,Lat,34.996693,Lon,-105.824493
2020-07-28-18_01_55,Lat,34.996655,Lon,-105.824516
2020-07-28-18_01_56,Lat,34.996593,Lon,-105.824539
2020-07-28-18_01_57,Lat,34.996540,Lon,-105.824554
2020-07-28-18_01_59,Lat,34.996498,Lon,-105.824577
2020-07-28-18_02_00,Lat,34.996441,Lon,-105.824593
2020-07-28-18_02_01,Lat,34.996391,Lon,-105.824615
2020-07-28-18_02_02,Lat,34.996342,Lon,-105.824646
2020-07-28-18_02_04,Lat,34.996288,Lon,-105.824654
2020-07-28-18_02_05,Lat,34.996246,Lon,-105.824677
2020-07-28-18_02_06,Lat,34.996181,Lon,-105.824692
2020-07-28-18_02_07,Lat,34.996155,Lon,-105.824684
2020-07-28-18_02_09,Lat,34.996113,Lon,-105.824707
2020-07-28-18_02_10,Lat,34.996067,Lon,-105.824699
2020-07-28-18_02_11,Lat,34.996048,Lon,-105.824715
2020-07-28-18_02_13,Lat,34.995995,Lon,-105.824730
2020-07-28-18_02_14,Lat,34.995964,Lon,-105.824722
2020-07-28-18_02_15,Lat,34.995926,Lon,-105.824730
2020-07-28-18_02_16,Lat,34.995876,Lon,-105.824753
2020-07-28-18_02_18,Lat,34.995853,Lon,-105.824760
2020-07-28-18_02_19,Lat,34.995808,Lon,-105.824768
2020-07-28-18_02_20,Lat,34.995781,Lon,-105.824791
2020-07-28-18_02_21,Lat,34.995735,Lon,-105.824799
2020-07-28-18_02_23,Lat,34.995701,Lon,-105.824829
2020-07-28-18_02_24,Lat,34.995651,Lon,-105.824844
2020-07-28-18_02_25,Lat,34.995625,Lon,-105.824860
2020-07-28-18_02_27,Lat,34.995605,Lon,-105.824883
2020-07-28-18_02_28,Lat,34.995567,Lon,-105.824913
2020-07-28-18_02_29,Lat,34.995537,Lon,-105.824928
2020-07-28-18_02_30,Lat,34.995499,Lon,-105.824944
2020-07-28-18_02_32,Lat,34.995461,Lon,-105.824974
2020-07-28-18_02_33,Lat,34.995415,Lon,-105.824982
2020-07-28-18_02_34,Lat,34.995361,Lon,-105.825005
2020-07-28-18_02_35,Lat,34.995316,Lon,-105.825027
2020-07-28-18_02_37,Lat,34.995274,Lon,-105.825027
2020-07-28-18_02_38,Lat,34.995235,Lon,-105.825043
2020-07-28-18_02_39,Lat,34.995190,Lon,-105.825058
2020-07-28-18_02_41,Lat,34.995163,Lon,-105.825050
2020-07-28-18_02_42,Lat,34.995140,Lon,-105.825066
2020-07-28-18_02_43,Lat,34.995087,Lon,-105.825096
2020-07-28-18_02_44,Lat,34.995068,Lon,-105.825111
2020-07-28-18_02_46,Lat,34.995033,Lon,-105.825150
2020-07-28-18_02_47,Lat,34.995003,Lon,-105.825172
2020-07-28-18_02_48,Lat,34.994965,Lon,-105.825188
2020-07-28-18_02_49,Lat,34.994926,Lon,-105.825211
2020-07-28-18_02_51,Lat,34.994900,Lon,-105.825226
2020-07-28-18_02_52,Lat,34.994858,Lon,-105.825272
2020-07-28-18_02_53,Lat,34.994812,Lon,-105.825302
2020-07-28-18_02_54,Lat,34.994781,Lon,-105.825325
2020-07-28-18_02_56,Lat,34.994743,Lon,-105.825348
2020-07-28-18_02_57,Lat,34.994713,Lon,-105.825371
2020-07-28-18_02_58,Lat,34.994663,Lon,-105.825401
2020-07-28-18_03_00,Lat,34.994621,Lon,-105.825439
2020-07-28-18_03_01,Lat,34.994579,Lon,-105.825478
2020-07-28-18_03_02,Lat,34.994541,Lon,-105.825508
2020-07-28-18_03_03,Lat,34.994518,Lon,-105.825531
2020-07-28-18_03_05,Lat,34.994488,Lon,-105.825584
2020-07-28-18_03_06,Lat,34.994431,Lon,-105.825638
2020-07-28-18_03_07,Lat,34.994377,Lon,-105.825676
2020-07-28-18_03_08,Lat,34.994328,Lon,-105.825722
2020-07-28-18_03_10,Lat,34.994293,Lon,-105.825775
2020-07-28-18_03_11,Lat,34.994259,Lon,-105.825829
2020-07-28-18_03_12,Lat,34.994225,Lon,-105.825867
2020-07-28-18_03_14,Lat,34.994217,Lon,-105.825905
2020-07-28-18_03_15,Lat,34.994171,Lon,-105.825981
2020-07-28-18_03_16,Lat,34.994141,Lon,-105.826035
2020-07-28-18_03_17,Lat,34.994110,Lon,-105.826096
2020-07-28-18_03_19,Lat,34.994064,Lon,-105.826180
2020-07-28-18_03_20,Lat,34.994026,Lon,-105.826225
2020-07-28-18_03_21,Lat,34.994003,Lon,-105.826286
2020-07-28-18_03_22,Lat,34.993973,Lon,-105.826363
2020-07-28-18_03_24,Lat,34.993938,Lon,-105.826408
2020-07-28-18_03_25,Lat,34.993919,Lon,-105.826469
2020-07-28-18_03_26,Lat,34.993881,Lon,-105.826538
2020-07-28-18_03_28,Lat,34.993847,Lon,-105.826584
2020-07-28-18_03_29,Lat,34.993835,Lon,-105.826653
2020-07-28-18_03_30,Lat,34.993816,Lon,-105.826752
2020-07-28-18_03_31,Lat,34.993778,Lon,-105.826813
2020-07-28-18_03_33,Lat,34.993759,Lon,-105.826874
2020-07-28-18_03_34,Lat,34.993729,Lon,-105.826965
2020-07-28-18_03_35,Lat,34.993694,Lon,-105.827019
2020-07-28-18_03_36,Lat,34.993675,Lon,-105.827103
2020-07-28-18_03_38,Lat,34.993641,Lon,-105.827164
2020-07-28-18_03_39,Lat,34.993626,Lon,-105.827232
2020-07-28-18_03_40,Lat,34.989468,Lon,-105.834221
2020-07-28-18_03_42,Lat,34.989437,Lon,-105.834229
2020-07-28-18_03_43,Lat,34.989399,Lon,-105.834251
2020-07-28-18_03_44,Lat,34.989372,Lon,-105.834251
2020-07-28-18_03_45,Lat,34.989361,Lon,-105.834267
2020-07-28-18_03_47,Lat,34.989326,Lon,-105.834297
2020-07-28-18_03_48,Lat,34.989281,Lon,-105.834305
2020-07-28-18_03_49,Lat,34.989227,Lon,-105.834312
2020-07-28-18_03_50,Lat,34.989174,Lon,-105.834335
2020-07-28-18_03_52,Lat,34.989151,Lon,-105.834335
2020-07-28-18_03_53,Lat,34.989140,Lon,-105.834343
2020-07-28-18_03_54,Lat,34.989120,Lon,-105.834358
2020-07-28-18_03_56,Lat,34.989098,Lon,-105.834396
2020-07-28-18_03_57,Lat,34.989052,Lon,-105.834412
2020-07-28-18_03_58,Lat,34.989033,Lon,-105.834412
2020-07-28-18_03_59,Lat,34.989010,Lon,-105.834450
2020-07-28-18_04_01,Lat,34.988998,Lon,-105.834465
2020-07-28-18_04_02,Lat,34.988991,Lon,-105.834480
2020-07-28-18_04_03,Lat,34.988976,Lon,-105.834496
2020-07-28-18_04_04,Lat,34.988964,Lon,-105.834526
2020-07-28-18_04_06,Lat,34.988945,Lon,-105.834541
2020-07-28-18_04_07,Lat,34.988918,Lon,-105.834557
2020-07-28-18_04_08,Lat,34.988922,Lon,-105.834587
2020-07-28-18_04_09,Lat,34.988899,Lon,-105.834595
2020-07-28-18_04_11,Lat,34.988892,Lon,-105.834625
2020-07-28-18_04_12,Lat,34.988869,Lon,-105.834663
2020-07-28-18_04_13,Lat,34.988846,Lon,-105.834656
2020-07-28-18_04_15,Lat,34.988834,Lon,-105.834663
2020-07-28-18_04_16,Lat,34.988808,Lon,-105.834679
2020-07-28-18_04_17,Lat,34.988785,Lon,-105.834671
2020-07-28-18_04_18,Lat,34.988770,Lon,-105.834686
2020-07-28-18_04_20,Lat,34.988758,Lon,-105.834694
2020-07-28-18_04_21,Lat,34.988747,Lon,-105.834717
2020-07-28-18_04_22,Lat,34.988728,Lon,-105.834724
2020-07-28-18_04_23,Lat,34.988697,Lon,-105.834732
2020-07-28-18_04_25,Lat,34.988678,Lon,-105.834724
2020-07-28-18_04_26,Lat,34.988663,Lon,-105.834740
2020-07-28-18_04_27,Lat,34.988651,Lon,-105.834747
2020-07-28-18_04_29,Lat,34.988659,Lon,-105.834755
2020-07-28-18_04_30,Lat,34.988655,Lon,-105.834770
2020-07-28-18_04_31,Lat,34.988636,Lon,-105.834778
2020-07-28-18_04_32,Lat,34.988602,Lon,-105.834793
2020-07-28-18_04_34,Lat,34.988594,Lon,-105.834816
2020-07-28-18_04_35,Lat,34.988579,Lon,-105.834816
2020-07-28-18_04_36,Lat,34.988564,Lon,-105.834831
2020-07-28-18_04_37,Lat,34.988544,Lon,-105.834831
2020-07-28-18_04_39,Lat,34.988541,Lon,-105.834816
2020-07-28-18_04_40,Lat,34.988533,Lon,-105.834824
2020-07-28-18_04_41,Lat,34.988514,Lon,-105.834824
2020-07-28-18_04_43,Lat,34.988503,Lon,-105.834808
2020-07-28-18_04_44,Lat,34.988499,Lon,-105.834785
2020-07-28-18_04_45,Lat,34.988499,Lon,-105.834770
2020-07-28-18_04_46,Lat,34.988468,Lon,-105.834763
2020-07-28-18_04_48,Lat,34.988441,Lon,-105.834717
2020-07-28-18_04_49,Lat,34.988419,Lon,-105.834717
2020-07-28-18_04_50,Lat,34.988388,Lon,-105.834702
2020-07-28-18_04_51,Lat,34.988369,Lon,-105.834671
2020-07-28-18_04_53,Lat,34.988358,Lon,-105.834656
2020-07-28-18_04_54,Lat,34.988346,Lon,-105.834641
2020-07-28-18_04_55,Lat,34.988319,Lon,-105.834633
2020-07-28-18_04_57,Lat,34.988319,Lon,-105.834618
2020-07-28-18_04_58,Lat,34.988308,Lon,-105.834610
2020-07-28-18_04_59,Lat,34.988297,Lon,-105.834564
2020-07-28-18_05_00,Lat,34.988277,Lon,-105.834564
2020-07-28-18_05_02,Lat,34.988243,Lon,-105.834534
2020-07-28-18_05_03,Lat,34.988247,Lon,-105.834511
2020-07-28-18_05_04,Lat,34.988235,Lon,-105.834518
2020-07-28-18_05_05,Lat,34.988209,Lon,-105.834511
2020-07-28-18_05_07,Lat,34.988197,Lon,-105.834496
2020-07-28-18_05_08,Lat,34.988190,Lon,-105.834488
2020-07-28-18_05_09,Lat,34.988167,Lon,-105.834488
2020-07-28-18_05_10,Lat,34.988163,Lon,-105.834457
2020-07-28-18_05_12,Lat,34.988152,Lon,-105.834457
2020-07-28-18_05_13,Lat,34.988140,Lon,-105.834435
2020-07-28-18_05_14,Lat,34.988136,Lon,-105.834442
2020-07-28-18_05_16,Lat,34.988125,Lon,-105.834412
2020-07-28-18_05_17,Lat,34.988132,Lon,-105.834396
2020-07-28-18_05_18,Lat,34.988125,Lon,-105.834381
2020-07-28-18_05_19,Lat,34.988113,Lon,-105.834343
2020-07-28-18_05_21,Lat,34.988106,Lon,-105.834312
2020-07-28-18_05_22,Lat,34.988087,Lon,-105.834282
2020-07-28-18_05_23,Lat,34.988087,Lon,-105.834236
2020-07-28-18_05_24,Lat,34.988075,Lon,-105.834213
2020-07-28-18_05_26,Lat,34.988060,Lon,-105.834160
2020-07-28-18_05_27,Lat,34.988068,Lon,-105.834160
2020-07-28-18_05_28,Lat,34.988052,Lon,-105.834152
2020-07-28-18_05_30,Lat,34.988045,Lon,-105.834106
2020-07-28-18_05_31,Lat,34.988049,Lon,-105.834099
2020-07-28-18_05_32,Lat,34.988037,Lon,-105.834076
2020-07-28-18_05_33,Lat,34.988041,Lon,-105.834045
2020-07-28-18_05_35,Lat,34.988033,Lon,-105.834030
2020-07-28-18_05_36,Lat,34.988022,Lon,-105.834007
2020-07-28-18_05_37,Lat,34.988033,Lon,-105.833984
2020-07-28-18_05_38,Lat,34.988029,Lon,-105.833961
2020-07-28-18_05_40,Lat,34.988026,Lon,-105.833946
2020-07-28-18_05_41,Lat,34.988033,Lon,-105.833893
2020-07-28-18_05_42,Lat,34.988037,Lon,-105.833878
2020-07-28-18_05_44,Lat,34.988037,Lon,-105.833870
2020-07-28-18_05_45,Lat,34.988041,Lon,-105.833839
2020-07-28-18_05_46,Lat,34.988041,Lon,-105.833809
2020-07-28-18_05_47,Lat,34.988041,Lon,-105.833755
2020-07-28-18_05_49,Lat,34.988041,Lon,-105.833733
2020-07-28-18_05_50,Lat,34.988033,Lon,-105.833702
2020-07-28-18_05_51,Lat,34.988045,Lon,-105.833679
2020-07-28-18_05_52,Lat,34.988052,Lon,-105.833664
2020-07-28-18_05_54,Lat,34.988060,Lon,-105.833649
2020-07-28-18_05_55,Lat,34.988068,Lon,-105.833626
2020-07-28-18_05_56,Lat,34.988075,Lon,-105.833595
2020-07-28-18_05_58,Lat,34.988068,Lon,-105.833565
2020-07-28-18_05_59,Lat,34.988083,Lon,-105.833534
2020-07-28-18_06_00,Lat,34.988098,Lon,-105.833519
2020-07-28-18_06_01,Lat,34.988110,Lon,-105.833481
2020-07-28-18_06_03,Lat,34.988117,Lon,-105.833458
2020-07-28-18_06_04,Lat,34.988117,Lon,-105.833435
2020-07-28-18_06_05,Lat,34.988125,Lon,-105.833420
2020-07-28-18_06_06,Lat,34.988132,Lon,-105.833405
2020-07-28-18_06_08,Lat,34.988148,Lon,-105.833389
2020-07-28-18_06_09,Lat,34.988167,Lon,-105.833374
2020-07-28-18_06_10,Lat,34.988182,Lon,-105.833359
2020-07-28-18_06_12,Lat,34.988201,Lon,-105.833351
2020-07-28-18_06_13,Lat,34.988209,Lon,-105.833336
2020-07-28-18_06_14,Lat,34.988220,Lon,-105.833336
2020-07-28-18_06_15,Lat,34.988228,Lon,-105.833336
2020-07-28-18_06_17,Lat,34.988239,Lon,-105.833351
2020-07-28-18_06_18,Lat,34.988232,Lon,-105.833366
2020-07-28-18_06_19,Lat,34.988239,Lon,-105.833374
2020-07-28-18_06_20,Lat,34.988255,Lon,-105.833389
2020-07-28-18_06_22,Lat,34.988262,Lon,-105.833382
2020-07-28-18_06_23,Lat,34.988270,Lon,-105.833382
2020-07-28-18_06_24,Lat,34.988270,Lon,-105.833389
2020-07-28-18_06_25,Lat,34.988262,Lon,-105.833389
2020-07-28-18_06_27,Lat,34.988266,Lon,-105.833389
2020-07-28-18_06_28,Lat,34.988281,Lon,-105.833397
2020-07-28-18_06_29,Lat,34.988285,Lon,-105.833405
2020-07-28-18_06_31,Lat,34.988308,Lon,-105.833412
2020-07-28-18_06_32,Lat,34.988304,Lon,-105.833435
2020-07-28-18_06_33,Lat,34.988308,Lon,-105.833458
2020-07-28-18_06_34,Lat,34.988316,Lon,-105.833481
2020-07-28-18_06_36,Lat,34.988319,Lon,-105.833504
2020-07-28-18_06_37,Lat,34.988327,Lon,-105.833527
2020-07-28-18_06_38,Lat,34.988327,Lon,-105.833534
2020-07-28-18_06_39,Lat,34.988327,Lon,-105.833549
2020-07-28-18_06_41,Lat,34.988327,Lon,-105.833557
2020-07-28-18_06_42,Lat,34.988331,Lon,-105.833572
